id,federation,official_website,social_media,rss_or_atom
1,إتحاد الجامعات العربية,,,لم يُعثر عليه
2,إتحاد المحامين العرب,https://www.alu1944.org/,,لم يُعثر عليه
3,إتحاد قيادات المرأة العربية,,,لم يُعثر عليه
4,اتحاد الصيادلة العرب,,,لم يُعثر عليه
5,اتحاد الغرف العربية,,,لم يُعثر عليه
6,اتحاد المؤرخين العرب,,,لم يُعثر عليه
7,اتحاد المبدعين العرب,https://www.arabcreators.org/,,لم يُعثر عليه
8,اتحاد المصارف العربية,https://uabonline.org/,,https://uabonline.org/feed/
9,اتحاد المقاولين العرب,http://www.fac-arab.com/,,لم يُعثر عليه
10,اتحاد المهندسين الزراعيين العرب,,,لم يُعثر عليه
11,اتحاد الناشرين العرب,http://www.arab-pa.org/,,لم يُعثر عليه
12,اتحاد رجال الأعمال العرب,http://fab-jo.org/,,http://fab-jo.org/?feed=rss2
13,اتحاد المستثمرات العرب,,,لم يُعثر عليه
14,الاتحاد العام العربي للتأمين,https://gaif-home.gaif.org/home,,لم يُعثر عليه
15,الاتحاد العام للمنتجين العرب,http://www.mondialeg.tv/,,لم يُعثر عليه
16,الاتحاد العربي للأسمدة,https://arabfertilizer.org/,,لم يُعثر عليه
17,الاتحاد العربي للعمل التطوعي,,https://www.facebook.com/AFFVA.ORG/,لم يُعثر عليه
18,الاتحاد العربي للنقل الجوي,https://www.aaco.org/home,,لم يُعثر عليه
19,الاتحاد العام للأدباء والكتاب العرب,,,لم يُعثر عليه
20,الاتحاد العام للخبراء العرب,https://guae.org/,,لم يُعثر عليه
21,الاتحاد العربي لتنمية الصادرات الصناعية,http://www.auied.com/,,لم يُعثر عليه
22,الاتحاد العربي للصناعات الهندسية,http://arabindustries.org/,,لم يُعثر عليه
23,الاتحاد العربي للمعارض والمؤتمرات,,,لم يُعثر عليه
24,الاتحاد العربي لتنمية الصادرات والصناعات,,,لم يُعثر عليه
25,الاتحاد العربي للإسمنت ومواد البناء,,,لم يُعثر عليه
26,الاتحاد العربي للاقتصاد الرقمي,https://arab-digital-economy.org/,,لم يُعثر عليه
27,الاتحاد العربي للبناء والتنمية العقارية,https://www.credaunion.com/,,لم يُعثر عليه
28,الاتحاد العربي للتطوع,,,لم يُعثر عليه
29,الاتحاد العربي للتنمية الاجتماعية,,,لم يُعثر عليه
30,الاتحاد العربي للتنمية المستدامة والبيئة,https://www.ausde.org/,,لم يُعثر عليه
31,الاتحاد العربي للصناعات الغذائية,,,لم يُعثر عليه
32,الاتحاد العربي للمخلصين الجمركيين,http://www.1auce.org/,,لم يُعثر عليه
33,الاتحاد العربي لمكافحة التزوير والتزييف,,,لم يُعثر عليه
34,الاتحاد العربي لمنتجي الأسماك,,,لم يُعثر عليه
